<?xml version="1.0" encoding="utf-8"?>
<edmx:Edmx Version="3.0" xmlns:edmx="http://schemas.microsoft.com/ado/2009/11/edmx">
 <!-- EF Designer content (DO NOT EDIT MANUALLY BELOW HERE) -->
  <edmx:Designer xmlns="http://schemas.microsoft.com/ado/2009/11/edmx">
    <!-- Diagram content (shape and connector positions) -->
    <edmx:Diagrams>
      <Diagram DiagramId="2f7770cb648e41a4a003f1b97490fc8f" Name="Diagram1" ZoomLevel="85">
        <EntityTypeShape EntityType="RMRSysModel.tblGenres" Width="1.5" PointX="3" PointY="10" IsExpanded="true" />
        <EntityTypeShape EntityType="RMRSysModel.tblMovieDetails" Width="1.5" PointX="5.25" PointY="6.875" IsExpanded="true" />
        <EntityTypeShape EntityType="RMRSysModel.tblMovieRentals" Width="1.5" PointX="3" PointY="3.625" IsExpanded="true" />
        <EntityTypeShape EntityType="RMRSysModel.tblMovies" Width="1.5" PointX="3" PointY="6.875" IsExpanded="true" />
        <EntityTypeShape EntityType="RMRSysModel.tblRentalDetails" Width="1.5" PointX="5.25" PointY="3.5" IsExpanded="true" />
        <EntityTypeShape EntityType="RMRSysModel.tblSubscriptions" Width="1.5" PointX="3" PointY="0.75" IsExpanded="true" />
        <EntityTypeShape EntityType="RMRSysModel.tblSubscriptionTypes" Width="1.5" PointX="0.75" PointY="7.375" IsExpanded="true" />
        <EntityTypeShape EntityType="RMRSysModel.tblUsers" Width="1.5" PointX="0.75" PointY="3.5" IsExpanded="true" />
        <EntityTypeShape EntityType="RMRSysModel.moviesView" Width="1.5" PointX="7.75" PointY="1.75" IsExpanded="true" />
        <EntityTypeShape EntityType="RMRSysModel.rentalsView" Width="1.5" PointX="7.75" PointY="3.75" IsExpanded="true" />
        <EntityTypeShape EntityType="RMRSysModel.usersView" Width="1.5" PointX="7.75" PointY="6.5" IsExpanded="true" />
        <AssociationConnector Association="RMRSysModel.fk_moviedetails_genreid" ManuallyRouted="false" />
        <AssociationConnector Association="RMRSysModel.fk_moviedetails_movieid" ManuallyRouted="false" />
        <AssociationConnector Association="RMRSysModel.fk_movierentals_userid" ManuallyRouted="false" />
        <AssociationConnector Association="RMRSysModel.fk_rentalid" ManuallyRouted="false" />
        <AssociationConnector Association="RMRSysModel.fk_movierentals_movieid" ManuallyRouted="false" />
        <AssociationConnector Association="RMRSysModel.fk_subscriptions_subtypeid" ManuallyRouted="false" />
        <AssociationConnector Association="RMRSysModel.fk_subscriptions_userid" ManuallyRouted="false" />
      </Diagram>
    </edmx:Diagrams>
  </edmx:Designer>
</edmx:Edmx>